use recipes;

INSERT INTO categories (id, category_name) VALUES (1, 'Vegetables');
INSERT INTO categories (id, category_name) VALUES (2, 'Meat');
INSERT INTO categories (id, category_name) VALUES (3, 'Poultry');
INSERT INTO categories (id, category_name) VALUES (4, 'Seafood');
INSERT INTO categories (id, category_name) VALUES (5, 'Dry Products');
INSERT INTO categories (id, category_name) VALUES (6, 'Dairy');
INSERT INTO ingredients (id, ingredient_name, category_id) VALUES (1, 'Amaranth', 1);
INSERT INTO ingredients (id, ingredient_name, category_id) VALUES (2, 'Artichoke', 1);
INSERT INTO ingredients (id, ingredient_name, category_id) VALUES (3, 'Arugula', 1);
INSERT INTO ingredients (id, ingredient_name, category_id) VALUES (4, 'Asparagus', 1);
INSERT INTO ingredients (id, ingredient_name, category_id) VALUES (5, 'Avocado', 1);
INSERT INTO ingredients (id, ingredient_name, category_id) VALUES (6, 'Basil', 1);
INSERT INTO ingredients (id, ingredient_name, category_id) VALUES (7, 'Bean Sprout', 1);
INSERT INTO ingredients (id, ingredient_name, category_id) VALUES (8, 'Beet', 1);
INSERT INTO ingredients (id, ingredient_name, category_id) VALUES (9, 'Belgian Endive', 1);
INSERT INTO ingredients (id, ingredient_name, category_id) VALUES (10, 'Bell Pepper', 1);
INSERT INTO ingredients (id, ingredient_name, category_id) VALUES (11, 'Broccoli', 1);
INSERT INTO ingredients (id, ingredient_name, category_id) VALUES (12, 'Brussels Sprouts', 1);
INSERT INTO ingredients (id, ingredient_name, category_id) VALUES (13, 'Butternut Squash', 1);
INSERT INTO ingredients (id, ingredient_name, category_id) VALUES (14, 'Cabbage', 1);
INSERT INTO ingredients (id, ingredient_name, category_id) VALUES (15, 'Cactus Pear', 1);
INSERT INTO ingredients (id, ingredient_name, category_id) VALUES (16, 'Carrot', 1);
INSERT INTO ingredients (id, ingredient_name, category_id) VALUES (17, 'Cauliflower', 1);
INSERT INTO ingredients (id, ingredient_name, category_id) VALUES (18, 'Celery', 1);
INSERT INTO ingredients (id, ingredient_name, category_id) VALUES (19, 'Chicory', 1);
INSERT INTO ingredients (id, ingredient_name, category_id) VALUES (20, 'Chinese Cabbage', 1);
INSERT INTO ingredients (id, ingredient_name, category_id) VALUES (21, 'Chives', 1);
INSERT INTO ingredients (id, ingredient_name, category_id) VALUES (22, 'Corn', 1);
INSERT INTO ingredients (id, ingredient_name, category_id) VALUES (23, 'Cucumber', 1);
INSERT INTO ingredients (id, ingredient_name, category_id) VALUES (24, 'Daikon Radish', 1);
INSERT INTO ingredients (id, ingredient_name, category_id) VALUES (25, 'Edamame', 1);
INSERT INTO ingredients (id, ingredient_name, category_id) VALUES (26, 'Eggplant', 1);
INSERT INTO ingredients (id, ingredient_name, category_id) VALUES (27, 'Endive', 1);
INSERT INTO ingredients (id, ingredient_name, category_id) VALUES (28, 'Fava Bean', 1);
INSERT INTO ingredients (id, ingredient_name, category_id) VALUES (29, 'Fennel', 1);
INSERT INTO ingredients (id, ingredient_name, category_id) VALUES (30, 'Garlic', 1);
INSERT INTO ingredients (id, ingredient_name, category_id) VALUES (31, 'Ginger', 1);
INSERT INTO ingredients (id, ingredient_name, category_id) VALUES (32, 'Green Bean', 1);
INSERT INTO ingredients (id, ingredient_name, category_id) VALUES (33, 'Green Onion', 1);
INSERT INTO ingredients (id, ingredient_name, category_id) VALUES (34, 'Habanero Pepper', 1);
INSERT INTO ingredients (id, ingredient_name, category_id) VALUES (35, 'Horseradish', 1);
INSERT INTO ingredients (id, ingredient_name, category_id) VALUES (36, 'Jalapeño Pepper', 1);
INSERT INTO ingredients (id, ingredient_name, category_id) VALUES (37, 'Kale', 1);
INSERT INTO ingredients (id, ingredient_name, category_id) VALUES (38, 'Kohlrabi', 1);
INSERT INTO ingredients (id, ingredient_name, category_id) VALUES (39, 'Leek', 1);
INSERT INTO ingredients (id, ingredient_name, category_id) VALUES (40, 'Lettuce', 1);
INSERT INTO ingredients (id, ingredient_name, category_id) VALUES (41, 'Lotus Root', 1);
INSERT INTO ingredients (id, ingredient_name, category_id) VALUES (42, 'Mushroom', 1);
INSERT INTO ingredients (id, ingredient_name, category_id) VALUES (43, 'Mustard Greens', 1);
INSERT INTO ingredients (id, ingredient_name, category_id) VALUES (44, 'Okra', 1);
INSERT INTO ingredients (id, ingredient_name, category_id) VALUES (45, 'Onion', 1);
INSERT INTO ingredients (id, ingredient_name, category_id) VALUES (46, 'Parsnip', 1);
INSERT INTO ingredients (id, ingredient_name, category_id) VALUES (47, 'Pea', 1);
INSERT INTO ingredients (id, ingredient_name, category_id) VALUES (48, 'Pumpkin', 1);
INSERT INTO ingredients (id, ingredient_name, category_id) VALUES (49, 'Radish', 1);
INSERT INTO ingredients (id, ingredient_name, category_id) VALUES (50, 'Rhubarb', 1);
INSERT INTO ingredients (id, ingredient_name, category_id) VALUES (51, 'Salsify', 1);
INSERT INTO ingredients (id, ingredient_name, category_id) VALUES (52, 'Scallion', 1);
INSERT INTO ingredients (id, ingredient_name, category_id) VALUES (53, 'Shallot', 1);
INSERT INTO ingredients (id, ingredient_name, category_id) VALUES (54, 'Snow Pea', 1);
INSERT INTO ingredients (id, ingredient_name, category_id) VALUES (55, 'Spinach', 1);
INSERT INTO ingredients (id, ingredient_name, category_id) VALUES (56, 'Sweet Potato', 1);
INSERT INTO ingredients (id, ingredient_name, category_id) VALUES (57, 'Swiss Chard', 1);
INSERT INTO ingredients (id, ingredient_name, category_id) VALUES (58, 'Tomato', 1);
INSERT INTO ingredients (id, ingredient_name, category_id) VALUES (59, 'Turnip', 1);
INSERT INTO ingredients (id, ingredient_name, category_id) VALUES (60, 'Watercress', 1);
INSERT INTO ingredients (id, ingredient_name, category_id) VALUES (61, 'Yam', 1);
INSERT INTO ingredients (id, ingredient_name, category_id) VALUES (62, 'Zucchini', 1);
INSERT INTO ingredients (id, ingredient_name, category_id) VALUES (63, 'Spinach', 1);
INSERT INTO ingredients (id, ingredient_name, category_id) VALUES (64, 'Red Cabbage', 1);
INSERT INTO ingredients (id, ingredient_name, category_id) VALUES (65, 'Orange', 2);
INSERT INTO ingredients (id, ingredient_name, category_id) VALUES (66, 'Lemon', 2);
INSERT INTO ingredients (id, ingredient_name, category_id) VALUES (67, 'Parsley', 3);
INSERT INTO ingredients (id, ingredient_name, category_id) VALUES (68, 'Coriander', 3);
INSERT INTO ingredients (id, ingredient_name, category_id) VALUES (69, 'Thyme', 3);
INSERT INTO ingredients (id, ingredient_name, category_id) VALUES (70, 'Rosemary', 3);
INSERT INTO ingredients (id, ingredient_name, category_id) VALUES (71, 'Sage', 3);
INSERT INTO ingredients (id, ingredient_name, category_id) VALUES (72, 'Mint', 3);
INSERT INTO ingredients (id, ingredient_name, category_id) VALUES (73, 'Dill', 3);
INSERT INTO ingredients (id, ingredient_name, category_id) VALUES (74, 'celeriac', 1);
INSERT INTO ingredients (id, ingredient_name, category_id) VALUES (75, 'Salmon', 4);
INSERT INTO ingredients (id, ingredient_name, category_id) VALUES (76, 'Tuna', 4);
INSERT INTO ingredients (id, ingredient_name, category_id) VALUES (77, 'Cod', 4);
INSERT INTO ingredients (id, ingredient_name, category_id) VALUES (78, 'Trout', 4);
INSERT INTO ingredients (id, ingredient_name, category_id) VALUES (79, 'Sardines', 4);
INSERT INTO ingredients (id, ingredient_name, category_id) VALUES (80, 'Halibut', 4);
INSERT INTO ingredients (id, ingredient_name, category_id) VALUES (81, 'King Prawns', 4);
INSERT INTO ingredients (id, ingredient_name, category_id) VALUES (82, 'Lobster', 4);
INSERT INTO ingredients (id, ingredient_name, category_id) VALUES (83, 'King Scallops', 4);
INSERT INTO ingredients (id, ingredient_name, category_id) VALUES (84, 'Tilapia', 4);
INSERT INTO ingredients (id, ingredient_name, category_id) VALUES (85, 'Anchovies', 4);
INSERT INTO ingredients (id, ingredient_name, category_id) VALUES (86, 'Swordfish', 4);
INSERT INTO ingredients (id, ingredient_name, category_id) VALUES (87, 'Beef Fillet', 2);
INSERT INTO ingredients (id, ingredient_name, category_id) VALUES (88, 'Beef Short Rib', 2);
INSERT INTO ingredients (id, ingredient_name, category_id) VALUES (89, 'Beef Brisket', 2);
INSERT INTO ingredients (id, ingredient_name, category_id) VALUES (90, 'Minced Beef', 2);
INSERT INTO ingredients (id, ingredient_name, category_id) VALUES (91, 'Beef Cheeks', 2);
INSERT INTO ingredients (id, ingredient_name, category_id) VALUES (92, 'Rib Eye Steak', 2);
INSERT INTO ingredients (id, ingredient_name, category_id) VALUES (93, 'Sirloin Steak', 2);
INSERT INTO ingredients (id, ingredient_name, category_id) VALUES (94, 'Pork Chops', 2);
INSERT INTO ingredients (id, ingredient_name, category_id) VALUES (95, 'Pork Loin', 2);
INSERT INTO ingredients (id, ingredient_name, category_id) VALUES (96, 'Pork Belly', 2);
INSERT INTO ingredients (id, ingredient_name, category_id) VALUES (97, 'Bacon', 2);
INSERT INTO ingredients (id, ingredient_name, category_id) VALUES (98, 'Chicken Breast', 3);
INSERT INTO ingredients (id, ingredient_name, category_id) VALUES (99, 'Chicken Thigh', 3);
INSERT INTO ingredients (id, ingredient_name, category_id) VALUES (100, 'Whole Chicken', 3);
INSERT INTO ingredients (id, ingredient_name, category_id) VALUES (101, 'Lamb Shoulder', 2);
INSERT INTO ingredients (id, ingredient_name, category_id) VALUES (102, 'Lamb Leg', 2);
INSERT INTO ingredients (id, ingredient_name, category_id) VALUES (103, 'Lamb Rack', 2);
INSERT INTO ingredients (id, ingredient_name, category_id) VALUES (104, 'Duck Breast', 3);
INSERT INTO ingredients (id, ingredient_name, category_id) VALUES (105, 'Duck Legs', 3);
INSERT INTO ingredients (id, ingredient_name, category_id) VALUES (106, 'Venison', 2);
INSERT INTO ingredients (id, ingredient_name, category_id) VALUES (107, 'Duck', 3);
INSERT INTO ingredients (id, ingredient_name, category_id) VALUES (108, 'Turkey', 3);
INSERT INTO ingredients (id, ingredient_name, category_id) VALUES (109, 'Quail', 3);
INSERT INTO ingredients (id, ingredient_name, category_id) VALUES (110, 'Guinea Fowl', 3);
INSERT INTO ingredients (id, ingredient_name, category_id) VALUES (111, 'Green Lentils', 5);
INSERT INTO ingredients (id, ingredient_name, category_id) VALUES (112, 'Chickpeas', 5);
INSERT INTO ingredients (id, ingredient_name, category_id) VALUES (113, 'Butter Beans', 5);
INSERT INTO ingredients (id, ingredient_name, category_id) VALUES (114, 'Arborio Rice', 5);
INSERT INTO ingredients (id, ingredient_name, category_id) VALUES (115, 'Basmati Rice', 5);
INSERT INTO ingredients (id, ingredient_name, category_id) VALUES (116, 'Polenta', 5);
INSERT INTO ingredients (id, ingredient_name, category_id) VALUES (117, 'Penne Pasta', 5);
INSERT INTO ingredients (id, ingredient_name, category_id) VALUES (118, 'Spaghetti', 5);
INSERT INTO ingredients (id, ingredient_name, category_id) VALUES (119, 'Linguine', 5);
INSERT INTO ingredients (id, ingredient_name, category_id) VALUES (120, 'Orecchiette Pasta', 5);
INSERT INTO ingredients (id, ingredient_name, category_id) VALUES (121, 'Conchiglie Pasta', 5);
INSERT INTO ingredients (id, ingredient_name, category_id) VALUES (122, 'Green Olives', 5);
INSERT INTO ingredients (id, ingredient_name, category_id) VALUES (123, 'Feta Cheese', 6);
INSERT INTO ingredients (id, ingredient_name, category_id) VALUES (124, 'Parmesan Cheese', 6);
INSERT INTO ingredients (id, ingredient_name, category_id) VALUES (125, 'Blue Stilton', 6);
INSERT INTO ingredients (id, ingredient_name, category_id) VALUES (126, 'Goat''s Cheese', 6);
INSERT INTO ingredients (id, ingredient_name, category_id) VALUES (127, 'Gruyere Cheese', 6);
INSERT INTO ingredients (id, ingredient_name, category_id) VALUES (128, 'Mozzarella', 6);
INSERT INTO ingredients (id, ingredient_name, category_id) VALUES (129, 'Double Cream', 6);
INSERT INTO ingredients (id, ingredient_name, category_id) VALUES (130, 'Capers', 5);
INSERT INTO ingredients (id, ingredient_name, category_id) VALUES (131, 'Pickled Gherkins', 5);
INSERT INTO ingredients (id, ingredient_name, category_id) VALUES (132, 'Teriyaki Sauce', 5);
INSERT INTO ingredients (id, ingredient_name, category_id) VALUES (133, 'Baguette', 5);
INSERT INTO ingredients (id, ingredient_name, category_id) VALUES (134, 'White Wine', 5);
INSERT INTO ingredients (id, ingredient_name, category_id) VALUES (135, 'Mussels', 4);
INSERT INTO ingredients (id, ingredient_name, category_id) VALUES (136, 'Balsamic Vinegar', 5);
INSERT INTO ingredients (id, ingredient_name, category_id) VALUES (137, 'Mango', 1);
INSERT INTO ingredients (id, ingredient_name, category_id) VALUES (138, 'Coconut Milk', 6);
INSERT INTO ingredients (id, ingredient_name, category_id) VALUES (139, 'Curry Paste', 5);
INSERT INTO ingredients (id, ingredient_name, category_id) VALUES (140, 'Olive Oil', 5);
INSERT INTO ingredients (id, ingredient_name, category_id) VALUES (141, 'Cherry Tomato', 1);
INSERT INTO ingredients (id, ingredient_name, category_id) VALUES (142, 'Cajun Seasoning', 5);
INSERT INTO ingredients (id, ingredient_name, category_id) VALUES (143, 'Sausages', 2);
INSERT INTO ingredients (id, ingredient_name, category_id) VALUES (144, 'Sesame Seeds', 5);
INSERT INTO ingredients (id, ingredient_name, category_id) VALUES (145, 'Bagel', 5);
INSERT INTO ingredients (id, ingredient_name, category_id) VALUES (146, 'Cream Cheese', 6);
INSERT INTO ingredients (id, ingredient_name, category_id) VALUES (147, 'Worcestershire Sauce', 5);
INSERT INTO ingredients (id, ingredient_name, category_id) VALUES (148, 'Dijon Mustard', 5);
INSERT INTO ingredients (id, ingredient_name, category_id) VALUES (149, 'Mayonnaise', 6);
INSERT INTO ingredients (id, ingredient_name, category_id) VALUES (150, 'Bread Crumbs', 5);
INSERT INTO ingredients (id, ingredient_name, category_id) VALUES (151, 'Lime', 2);
INSERT INTO ingredients (id, ingredient_name, category_id) VALUES (152, 'Flour', 5);
INSERT INTO ingredients (id, ingredient_name, category_id) VALUES (153, 'Milk', 6);
INSERT INTO ingredients (id, ingredient_name, category_id) VALUES (154, 'Cheddar Cheese', 6);
INSERT INTO ingredients (id, ingredient_name, category_id) VALUES (155, 'Macaroni', 5);
INSERT INTO ingredients (id, ingredient_name, category_id) VALUES (156, 'Seabass', 4);
INSERT INTO ingredients (id, ingredient_name, category_id) VALUES (157, 'BBQ Sauce', 5);
INSERT INTO ingredients (id, ingredient_name, category_id) VALUES (158, 'Brown Sugar', 5);
INSERT INTO ingredients (id, ingredient_name, category_id) VALUES (159, 'Apple Cider Vinegar', 5);
INSERT INTO ingredients (id, ingredient_name, category_id) VALUES (160, 'Soy Sauce', 5);
INSERT INTO ingredients (id, ingredient_name, category_id) VALUES (161, 'Ricotta Cheese', 6);
INSERT INTO ingredients (id, ingredient_name, category_id) VALUES (162, 'Lasagna Sheets', 5);
INSERT INTO ingredients (id, ingredient_name, category_id) VALUES (163, 'Duck Fat', 5);
INSERT INTO ingredients (id, ingredient_name, category_id) VALUES (164, 'Vegetable Oil', 5);
INSERT INTO ingredients (id, ingredient_name, category_id) VALUES (165, 'Egg', 6);
INSERT INTO ingredients (id, ingredient_name, category_id) VALUES (166, 'Flour', 5);
INSERT INTO ingredients (id, ingredient_name, category_id) VALUES (167, 'Tomato Sauce', 5);
INSERT INTO ingredients (id, ingredient_name, category_id) VALUES (168, 'Paprika', 5);
INSERT INTO ingredients (id, ingredient_name, category_id) VALUES (169, 'Honey', 5);
INSERT INTO ingredients (id, ingredient_name, category_id) VALUES (170, 'Tortilla', 5);
INSERT INTO ingredients (id, ingredient_name, category_id) VALUES (171, 'Red Wine', 5);
INSERT INTO ingredients (id, ingredient_name, category_id) VALUES (172, 'Chicken Stock', 5);
INSERT INTO ingredients (id, ingredient_name, category_id) VALUES (173, 'Grand Marnier', 5);
INSERT INTO ingredients (id, ingredient_name, category_id) VALUES (174, 'Heavy Cream', 6);
INSERT INTO ingredients (id, ingredient_name, category_id) VALUES (175, 'Cinnamon', 5);
INSERT INTO ingredients (id, ingredient_name, category_id) VALUES (176, 'Beef Stock', 5);
INSERT INTO ingredients (id, ingredient_name, category_id) VALUES (177, 'Puff Pastry', 5);
INSERT INTO ingredients (id, ingredient_name, category_id) VALUES (178, 'Prosciutto', 2);
INSERT INTO ingredients (id, ingredient_name, category_id) VALUES (179, 'Garam Masala', 5);
INSERT INTO ingredients (id, ingredient_name, category_id) VALUES (180, 'Cumin', 5);
INSERT INTO ingredients (id, ingredient_name, category_id) VALUES (181, 'Greek Yogurt', 6);
INSERT INTO ingredients (id, ingredient_name, category_id) VALUES (182, 'Peanut Sauce', 6);
INSERT INTO ingredients (id, ingredient_name, category_id) VALUES (183, 'Apple', 1);
INSERT INTO ingredients (id, ingredient_name, category_id) VALUES (184, 'Potato', 1);
INSERT INTO ingredients (id, ingredient_name, category_id) VALUES (185, 'Butter', 1);
INSERT INTO dishes (id, dish, ingredient1_id, ingredient2_id, ingredient3_id, ingredient4_id, ingredient5_id) VALUES (1, 'Grilled Salmon with Lemon Butter Sauce', 75, 66, 81, 4, 3);
INSERT INTO dishes (id, dish, ingredient1_id, ingredient2_id, ingredient3_id, ingredient4_id, ingredient5_id) VALUES (2, 'Garlic Butter Shrimp Pasta', 81, 30, 3, 117, 124);
INSERT INTO dishes (id, dish, ingredient1_id, ingredient2_id, ingredient3_id, ingredient4_id, ingredient5_id) VALUES (3, 'Pan-Seared Sea Bass with Roasted Vegetables', 156, 10, 62, 16, 83);
INSERT INTO dishes (id, dish, ingredient1_id, ingredient2_id, ingredient3_id, ingredient4_id, ingredient5_id) VALUES (4, 'Lobster Mac and Cheese', 82, 155, 123, 153, 150);
INSERT INTO dishes (id, dish, ingredient1_id, ingredient2_id, ingredient3_id, ingredient4_id, ingredient5_id) VALUES (5, 'Crispy Fried Calamari with Marinara Sauce', 85, 152, 69, 58, 150);
INSERT INTO dishes (id, dish, ingredient1_id, ingredient2_id, ingredient3_id, ingredient4_id, ingredient5_id) VALUES (6, 'Grilled Swordfish with Mango Salsa', 86, 79, 64, 72, 151);
INSERT INTO dishes (id, dish, ingredient1_id, ingredient2_id, ingredient3_id, ingredient4_id, ingredient5_id) VALUES (7, 'Pan-Fried Trout with Lemon and Dill', 77, 66, 73, 81, 32);
INSERT INTO dishes (id, dish, ingredient1_id, ingredient2_id, ingredient3_id, ingredient4_id, ingredient5_id) VALUES (9, 'Baked Halibut with Herb Crust', 80, 150, 72, 157, 4);
INSERT INTO dishes (id, dish, ingredient1_id, ingredient2_id, ingredient3_id, ingredient4_id, ingredient5_id) VALUES (10, 'Crab Cakes with Remoulade Sauce', 8, 150, 149, 144, 142);
INSERT INTO dishes (id, dish, ingredient1_id, ingredient2_id, ingredient3_id, ingredient4_id, ingredient5_id) VALUES (11, 'Grilled Shrimp Skewers with Pineapple and Peppers', 81, 110, 10, 54, 33);
INSERT INTO dishes (id, dish, ingredient1_id, ingredient2_id, ingredient3_id, ingredient4_id, ingredient5_id) VALUES (12, 'Smoked Salmon and Cream Cheese Bagel', 79, 126, 125, 45, 130);
INSERT INTO dishes (id, dish, ingredient1_id, ingredient2_id, ingredient3_id, ingredient4_id, ingredient5_id) VALUES (13, 'Seared Tuna Salad with Sesame Dressing', 76, 136, 16, 23, 131);
INSERT INTO dishes (id, dish, ingredient1_id, ingredient2_id, ingredient3_id, ingredient4_id, ingredient5_id) VALUES (14, 'Lemon Butter Lobster Tails', 82, 81, 30, 66, 67);
INSERT INTO dishes (id, dish, ingredient1_id, ingredient2_id, ingredient3_id, ingredient4_id, ingredient5_id) VALUES (15, 'Cajun Shrimp and Sausage Skillet', 81, 121, 10, 45, 139);
INSERT INTO dishes (id, dish, ingredient1_id, ingredient2_id, ingredient3_id, ingredient4_id, ingredient5_id) VALUES (16, 'Baked Cod with Cherry Tomato Salsa', 77, 60, 56, 7, 151);
INSERT INTO dishes (id, dish, ingredient1_id, ingredient2_id, ingredient3_id, ingredient4_id, ingredient5_id) VALUES (17, 'Coconut Shrimp Curry', 81, 128, 130, 10, 115);
INSERT INTO dishes (id, dish, ingredient1_id, ingredient2_id, ingredient3_id, ingredient4_id, ingredient5_id) VALUES (18, 'Grilled Scallop and Mango Salad', 83, 79, 69, 45, 45);
INSERT INTO dishes (id, dish, ingredient1_id, ingredient2_id, ingredient3_id, ingredient4_id, ingredient5_id) VALUES (19, 'Mussels in White Wine Sauce', 142, 121, 30, 67, 145);
INSERT INTO dishes (id, dish, ingredient1_id, ingredient2_id, ingredient3_id, ingredient4_id, ingredient5_id) VALUES (20, 'Teriyaki Glazed Salmon with Stir-Fried Vegetables', 75, 146, 11, 16, 10);
INSERT INTO dishes (id, dish, ingredient1_id, ingredient2_id, ingredient3_id, ingredient4_id, ingredient5_id) VALUES (21, 'Beef Bourguignon', 91, 16, 33, 171, 176);
INSERT INTO dishes (id, dish, ingredient1_id, ingredient2_id, ingredient3_id, ingredient4_id, ingredient5_id) VALUES (22, 'Pork Carnitas', 96, 65, 30, 180, 69);
INSERT INTO dishes (id, dish, ingredient1_id, ingredient2_id, ingredient3_id, ingredient4_id, ingredient5_id) VALUES (23, 'Chicken Fajitas', 98, 10, 45, 151, 180);
INSERT INTO dishes (id, dish, ingredient1_id, ingredient2_id, ingredient3_id, ingredient4_id, ingredient5_id) VALUES (24, 'Beef and Mushroom Pie', 91, 42, 45, 176, 177);
INSERT INTO dishes (id, dish, ingredient1_id, ingredient2_id, ingredient3_id, ingredient4_id, ingredient5_id) VALUES (25, 'Pork Tenderloin with Mustard Sauce', 95, 148, 174, 30, 134);
INSERT INTO dishes (id, dish, ingredient1_id, ingredient2_id, ingredient3_id, ingredient4_id, ingredient5_id) VALUES (26, 'Chicken Cacciatore', 99, 58, 10, 45, 171);
INSERT INTO dishes (id, dish, ingredient1_id, ingredient2_id, ingredient3_id, ingredient4_id, ingredient5_id) VALUES (27, 'Beef Enchiladas', 91, 167, 170, 154, 180);
INSERT INTO dishes (id, dish, ingredient1_id, ingredient2_id, ingredient3_id, ingredient4_id, ingredient5_id) VALUES (28, 'Pork Schnitzel', 95, 150, 165, 166, 66);
INSERT INTO dishes (id, dish, ingredient1_id, ingredient2_id, ingredient3_id, ingredient4_id, ingredient5_id) VALUES (29, 'Chicken Marsala', 98, 42, 134, 174, 30);
INSERT INTO dishes (id, dish, ingredient1_id, ingredient2_id, ingredient3_id, ingredient4_id, ingredient5_id) VALUES (30, 'Beef Gyros', 93, 181, 23, 58, 133);
INSERT INTO dishes (id, dish, ingredient1_id, ingredient2_id, ingredient3_id, ingredient4_id, ingredient5_id) VALUES (31, 'Pork Satay', 95, 182, 160, 30, 151);
INSERT INTO dishes (id, dish, ingredient1_id, ingredient2_id, ingredient3_id, ingredient4_id, ingredient5_id) VALUES (32, 'Chicken Piccata', 98, 66, 130, 134, 185);
INSERT INTO dishes (id, dish, ingredient1_id, ingredient2_id, ingredient3_id, ingredient4_id, ingredient5_id) VALUES (33, 'Beef Stroganoff', 87, 42, 45, 176, 174);
INSERT INTO dishes (id, dish, ingredient1_id, ingredient2_id, ingredient3_id, ingredient4_id, ingredient5_id) VALUES (34, 'Pork Belly Burnt Ends', 96, 157, 158, 159, 180);
INSERT INTO dishes (id, dish, ingredient1_id, ingredient2_id, ingredient3_id, ingredient4_id, ingredient5_id) VALUES (35, 'Chicken Shawarma', 99, 181, 30, 180, 68);
INSERT INTO dishes (id, dish, ingredient1_id, ingredient2_id, ingredient3_id, ingredient4_id, ingredient5_id) VALUES (36, 'Beef Bulgogi', 93, 160, 144, 30, 158);
INSERT INTO dishes (id, dish, ingredient1_id, ingredient2_id, ingredient3_id, ingredient4_id, ingredient5_id) VALUES (38, 'Chicken Tikka Masala', 99, 181, 167, 179, 30);
INSERT INTO dishes (id, dish, ingredient1_id, ingredient2_id, ingredient3_id, ingredient4_id, ingredient5_id) VALUES (39, 'Beef Tournedos', 87, 69, 30, 185, 176);
INSERT INTO dishes (id, dish, ingredient1_id, ingredient2_id, ingredient3_id, ingredient4_id, ingredient5_id) VALUES (40, 'Pork Chops with Mushroom Sauce', 94, 42, 45, 174, 134);
INSERT INTO dishes (id, dish, ingredient1_id, ingredient2_id, ingredient3_id, ingredient4_id, ingredient5_id) VALUES (41, 'Beef Wellington', 87, 42, 177, 178, 69);
INSERT INTO dishes (id, dish, ingredient1_id, ingredient2_id, ingredient3_id, ingredient4_id, ingredient5_id) VALUES (42, 'Slow-Cooked Beef Stew', 89, 16, 184, 45, 88);
INSERT INTO dishes (id, dish, ingredient1_id, ingredient2_id, ingredient3_id, ingredient4_id, ingredient5_id) VALUES (43, 'Roast Lamb with Rosemary', 102, 30, 70, 184, 171);
INSERT INTO dishes (id, dish, ingredient1_id, ingredient2_id, ingredient3_id, ingredient4_id, ingredient5_id) VALUES (44, 'Pork Tenderloin with Apple Compote', 95, 183, 45, 175, 159);
INSERT INTO dishes (id, dish, ingredient1_id, ingredient2_id, ingredient3_id, ingredient4_id, ingredient5_id) VALUES (45, 'Chicken Alfredo Pasta', 98, 117, 174, 124, 30);
INSERT INTO dishes (id, dish, ingredient1_id, ingredient2_id, ingredient3_id, ingredient4_id, ingredient5_id) VALUES (46, 'Duck à l''Orange', 104, 65, 169, 172, 173);
INSERT INTO dishes (id, dish, ingredient1_id, ingredient2_id, ingredient3_id, ingredient4_id, ingredient5_id) VALUES (47, 'Spaghetti Bolognese', 90, 58, 45, 16, 171);
INSERT INTO dishes (id, dish, ingredient1_id, ingredient2_id, ingredient3_id, ingredient4_id, ingredient5_id) VALUES (48, 'Beef Tacos', 92, 170, 5, 40, 58);
INSERT INTO dishes (id, dish, ingredient1_id, ingredient2_id, ingredient3_id, ingredient4_id, ingredient5_id) VALUES (49, 'Bacon-Wrapped Chicken', 99, 97, 169, 30, 168);
INSERT INTO dishes (id, dish, ingredient1_id, ingredient2_id, ingredient3_id, ingredient4_id, ingredient5_id) VALUES (50, 'Beef Stir-Fry', 93, 10, 11, 160, 31);
INSERT INTO dishes (id, dish, ingredient1_id, ingredient2_id, ingredient3_id, ingredient4_id, ingredient5_id) VALUES (51, 'Lamb Curry', 101, 138, 139, 184, 68);
INSERT INTO dishes (id, dish, ingredient1_id, ingredient2_id, ingredient3_id, ingredient4_id, ingredient5_id) VALUES (52, 'Pork Chops with Apple Sauce', 94, 183, 45, 159, 158);
INSERT INTO dishes (id, dish, ingredient1_id, ingredient2_id, ingredient3_id, ingredient4_id, ingredient5_id) VALUES (53, 'Chicken Parmesan', 98, 150, 124, 167, 128);
INSERT INTO dishes (id, dish, ingredient1_id, ingredient2_id, ingredient3_id, ingredient4_id, ingredient5_id) VALUES (54, 'Roast Beef with Yorkshire Puddings', 88, 152, 153, 165, 164);
INSERT INTO dishes (id, dish, ingredient1_id, ingredient2_id, ingredient3_id, ingredient4_id, ingredient5_id) VALUES (55, 'Duck Confit', 105, 69, 30, 70, 163);
INSERT INTO dishes (id, dish, ingredient1_id, ingredient2_id, ingredient3_id, ingredient4_id, ingredient5_id) VALUES (57, 'Stuffed Pork Tenderloin', 95, 55, 123, 30, 148);
INSERT INTO dishes (id, dish, ingredient1_id, ingredient2_id, ingredient3_id, ingredient4_id, ingredient5_id) VALUES (56, 'Chicken Curry', 99, 138, 139, 184, 68);


INSERT INTO recipes (id, dish_id, recipe) VALUES(1,1, 'Season salmon fillets with salt and pepper, then grill over medium heat until cooked to your desired doneness, about 4-5 minutes per side. In a saucepan, melt butter over low heat, then add freshly squeezed lemon juice, minced garlic, and chopped parsley. Simmer for 2-3 minutes until slightly thickened. Pour the lemon butter sauce over the grilled salmon fillets and serve immediately.');
INSERT INTO recipes (id, dish_id, recipe) VALUES(2,2, 'Cook pasta according to package instructions until al dente. In a large skillet, melt butter over medium heat, then add minced garlic and cook until fragrant. Add shrimp and cook until pink and opaque, about 2-3 minutes per side. Toss cooked pasta with the garlic butter shrimp, freshly chopped parsley, and grated Parmesan cheese. Serve hot with a sprinkle of black pepper.');
INSERT INTO recipes (id, dish_id, recipe) VALUES(3,3, 'Preheat oven to 400°F (200°C). Season sea bass fillets with salt, pepper, and a pinch of paprika. Heat olive oil in a skillet over medium-high heat, then add sea bass fillets skin-side down. Sear for 3-4 minutes until golden brown, then transfer to a baking dish. Roast in the preheated oven for 10-12 minutes until cooked through. Meanwhile, toss bell peppers, zucchini, and carrots with olive oil, salt, and pepper. Roast for 20-25 minutes until tender. Serve the pan-seared sea bass with roasted vegetables and a drizzle of balsamic glaze.');
INSERT INTO recipes (id, dish_id, recipe) VALUES(4,4, 'Preheat oven to 375°F (190°C). Cook macaroni according to package instructions until al dente. In a saucepan, melt butter over medium heat, then whisk in flour to make a roux. Gradually add milk, stirring constantly until smooth and thickened. Remove from heat and stir in grated cheddar cheese until melted. Season with salt, pepper, and a pinch of nutmeg. Fold in cooked macaroni and chopped lobster meat. Transfer to a baking dish, sprinkle with breadcrumbs, and bake for 25-30 minutes until bubbly and golden brown.');
INSERT INTO recipes (id, dish_id, recipe) VALUES(5,5, 'In a bowl, whisk together flour, salt, pepper, and paprika. Dip calamari rings into beaten eggs, then dredge in seasoned flour mixture. In a deep fryer or skillet, heat oil to 350°F (180°C). Fry calamari in batches until golden brown and crispy, about 2-3 minutes per batch. Drain on paper towels and serve hot with marinara sauce for dipping.');
INSERT INTO recipes (id, dish_id, recipe) VALUES(6,6, 'Preheat grill to medium-high heat. Season swordfish steaks with salt, pepper, and a pinch of cayenne pepper. Grill swordfish for 4-5 minutes per side until grill marks form and fish is cooked through. Meanwhile, prepare mango salsa by combining diced mango, red onion, jalapeño, cilantro, lime juice, and salt in a bowl. Serve grilled swordfish topped with mango salsa and a squeeze of fresh lime juice.');
INSERT INTO recipes (id, dish_id, recipe) VALUES(7,7, 'Season trout fillets with salt, pepper, and a sprinkle of dried dill. Heat olive oil in a skillet over medium heat. Add trout fillets skin-side down and cook for 4-5 minutes until golden brown and crispy. Carefully flip and cook for an additional 2-3 minutes until cooked through. Transfer to a plate and squeeze fresh lemon juice over the trout. Serve hot with a garnish of fresh dill.');
INSERT INTO recipes (id, dish_id, recipe) VALUES(9,9, 'Preheat oven to 400°F (200°C). Season halibut fillets with salt, pepper, and a squeeze of lemon juice. In a small bowl, mix breadcrumbs, chopped parsley, lemon zest, and melted butter to form a crumbly mixture. Press herb crust onto the top of each halibut fillet. Bake in the preheated oven for 12-15 minutes until fish flakes easily with a fork. Serve hot with roasted potatoes and steamed vegetables.');
INSERT INTO recipes (id, dish_id, recipe) VALUES(10,10, 'In a bowl, combine crab meat, breadcrumbs, mayonnaise, Dijon mustard, Worcestershire sauce, chopped parsley, and Old Bay seasoning. Form the mixture into patties and refrigerate for 30 minutes. Heat oil in a skillet over medium heat. Fry crab cakes until golden brown and crispy, about 3-4 minutes per side. Serve hot with homemade remoulade sauce and a wedge of lemon.');
INSERT INTO recipes (id, dish_id, recipe) VALUES(11,11, 'Preheat grill to medium-high heat. Thread shrimp, pineapple chunks, bell pepper slices, and red onion wedges onto skewers. Brush with olive oil and season with salt, pepper, and paprika. Grill skewers for 2-3 minutes per side until shrimp is pink and grill marks form. Serve hot with a squeeze of lime juice.');
INSERT INTO recipes (id, dish_id, recipe) VALUES(12,12, 'Toast bagels until golden brown, then spread cream cheese on each half. Layer with smoked salmon slices, thinly sliced red onion, capers, and a sprinkle of black pepper. Serve open-faced with a wedge of lemon on the side.');
INSERT INTO recipes (id, dish_id, recipe) VALUES(13,13, 'Season tuna steaks with salt, pepper, and sesame seeds. Heat oil in a skillet over high heat. Sear tuna for 1-2 minutes per side until golden brown on the outside but still pink in the center. Slice thinly and serve over mixed greens, shredded carrot, cucumber slices, and sliced radishes. Drizzle with sesame dressing before serving.');
INSERT INTO recipes (id, dish_id, recipe) VALUES(14,14, 'Preheat broiler to high heat. Split lobster tails lengthwise and arrange on a baking sheet. In a small saucepan, melt butter over low heat, then stir in freshly squeezed lemon juice and minced garlic. Brush the lemon butter mixture over the lobster tails. Broil for 8-10 minutes until lobster meat is opaque and cooked through. Garnish with chopped parsley and serve hot.');
INSERT INTO recipes (id, dish_id, recipe) VALUES(15,15, 'Heat olive oil in a skillet over medium heat. Add sliced sausages and cook until browned. Add shrimp and Cajun seasoning, then cook until shrimp is pink and cooked through. Stir in sliced bell peppers and onion, cooking until vegetables are tender. Serve hot over cooked rice or pasta.');
INSERT INTO recipes (id, dish_id, recipe) VALUES(16,16, 'Preheat oven to 400°F (200°C). Place cod fillets on a baking sheet lined with parchment paper. Season with salt, pepper, and olive oil. Roast for 15-20 minutes until fish is opaque and flakes easily with a fork. Meanwhile, make cherry tomato salsa by combining diced tomatoes, minced garlic, chopped basil, olive oil, and balsamic vinegar. Serve cod topped with cherry tomato salsa.');
INSERT INTO recipes (id, dish_id, recipe) VALUES(17,17, 'In a large skillet, heat oil over medium heat. Add minced garlic, grated ginger, and curry paste, cooking until fragrant. Stir in coconut milk, chicken broth, sliced carrots, and diced potatoes. Simmer for 15-20 minutes until vegetables are tender. Add cooked chicken pieces and chopped cilantro. Serve hot with cooked rice or naan bread.');
INSERT INTO recipes (id, dish_id, recipe) VALUES(18,18, 'Preheat oven to 375°F (190°C). Cut spaghetti squash in half lengthwise and scoop out the seeds. Brush the inside of each half with olive oil and season with salt and pepper. Place squash halves cut-side down on a baking sheet and roast for 40-45 minutes until tender. Meanwhile, heat marinara sauce in a saucepan over medium heat. Scrape the cooked spaghetti squash strands with a fork and toss with marinara sauce. Serve hot with a sprinkle of grated Parmesan cheese.');
INSERT INTO recipes (id, dish_id, recipe) VALUES(19,19, 'In a large pot, cook bacon until crisp. Remove bacon from the pot and set aside, leaving the rendered fat in the pot. Add diced onion, celery, and carrots to the pot, cooking until softened. Stir in diced potatoes, chicken broth, and bay leaves. Simmer until potatoes are tender. Stir in cooked corn kernels, heavy cream, and chopped cooked bacon. Season with salt, pepper, and chopped fresh thyme. Serve hot with a sprinkle of chopped chives on top.');
INSERT INTO recipes (id, dish_id, recipe) VALUES(20,20, 'Preheat oven to 375°F (190°C). Cut acorn squash in half and scoop out the seeds. Brush the inside of each half with melted butter and sprinkle with brown sugar, cinnamon, and nutmeg. Place squash halves cut-side down on a baking sheet and roast for 40-45 minutes until tender. Meanwhile, prepare quinoa stuffing by sautéing diced onion, garlic, celery, and apple in olive oil until softened. Stir in cooked quinoa, dried cranberries, chopped pecans, and chopped parsley. Season with salt and pepper. Serve roasted acorn squash halves filled with quinoa stuffing, garnished with a drizzle of maple syrup.');
INSERT INTO recipes (id, dish_id, recipe) VALUES(21,21, 'Preheat oven to 350°F (175°C). Season chicken thighs with salt, pepper, and dried thyme. In a skillet, heat olive oil over medium-high heat. Sear chicken thighs until golden brown on both sides. Transfer chicken to a baking dish. In the same skillet, sauté diced onion, minced garlic, sliced mushrooms, and chopped sun-dried tomatoes until softened. Stir in chicken broth, Dijon mustard, and heavy cream. Pour the sauce over the chicken thighs in the baking dish. Bake for 25-30 minutes until chicken is cooked through. Serve hot over cooked pasta or rice, garnished with chopped parsley.');
INSERT INTO recipes (id, dish_id, recipe) VALUES(22,22, 'In a large bowl, combine ground beef, breadcrumbs, grated Parmesan cheese, minced garlic, chopped parsley, salt, pepper, and beaten egg. Form the mixture into meatballs and place on a baking sheet lined with parchment paper. Bake in a preheated oven at 375°F (190°C) for 20-25 minutes until browned and cooked through. Meanwhile, heat marinara sauce in a saucepan over medium heat. Serve meatballs hot with marinara sauce, cooked spaghetti, and a sprinkle of grated Parmesan cheese and chopped fresh basil.');
INSERT INTO recipes (id, dish_id, recipe) VALUES(23,23, 'Cook fettuccine according to package instructions until al dente. In a large skillet, cook bacon until crisp, then remove and chop into pieces. In the same skillet, cook sliced chicken breast until browned and cooked through. Add minced garlic and cook until fragrant. Stir in heavy cream, grated Parmesan cheese, and chopped sun-dried tomatoes. Simmer until sauce thickens slightly. Toss cooked fettuccine with the creamy sauce and chopped fresh parsley. Serve hot with a sprinkle of black pepper and grated Parmesan cheese on top.');
INSERT INTO recipes (id, dish_id, recipe) VALUES(24,24, 'Preheat oven to 375°F (190°C). In a skillet, cook diced beef chuck until browned. Add sliced mushrooms, diced onions, and minced garlic, cooking until vegetables are softened. Stir in beef stock and simmer until thickened. Spoon beef mixture into individual ramekins. Top with puff pastry and brush with beaten egg. Bake for 20-25 minutes until pastry is golden brown. Serve hot.');
INSERT INTO recipes (id, dish_id, recipe) VALUES(25,25, 'Preheat oven to 425°F (220°C). Season pork tenderloin with salt and pepper. In a skillet, brown pork on all sides. Transfer to a baking dish. In a bowl, mix Dijon mustard, minced garlic, heavy cream, and white wine. Pour over pork. Roast for 25-30 minutes or until internal temperature reaches 145°F (63°C). Let rest for 5 minutes before slicing. Serve hot with mustard sauce.');
INSERT INTO recipes (id, dish_id, recipe) VALUES(26,26, 'Season chicken thighs with salt and pepper. In a large skillet, heat olive oil over medium-high heat. Brown chicken thighs on both sides, then remove from skillet. In the same skillet, sauté diced onions, bell peppers, and minced garlic until softened. Stir in diced tomatoes, tomato paste, red wine, and Italian seasoning. Return chicken to skillet and simmer for 30-40 minutes until chicken is cooked through. Serve hot over cooked pasta.');
INSERT INTO recipes (id, dish_id, recipe) VALUES(27,27, 'Preheat oven to 375°F (190°C). In a skillet, cook ground beef until browned. Drain excess fat. Stir in tomato sauce, cumin, salt, and pepper. In a separate skillet, lightly fry tortillas until pliable. Spread a spoonful of beef mixture onto each tortilla, then roll up and place seam-side down in a baking dish. Top with shredded cheddar cheese and enchilada sauce. Bake for 20-25 minutes until cheese is melted and bubbly. Serve hot with sour cream and chopped cilantro.');
INSERT INTO recipes (id, dish_id, recipe) VALUES(28,28, 'Preheat oven to 200°F (95°C). Pound pork loin slices to about 1/4 inch thickness. Season with salt and pepper. In three separate shallow dishes, place flour, beaten eggs, and breadcrumbs. Dredge each pork slice in flour, dip in beaten eggs, then coat with breadcrumbs. Heat oil in a skillet over medium-high heat. Fry pork slices until golden brown and cooked through, about 3 minutes per side. Keep warm in the oven while frying remaining slices. Serve hot with lemon wedges.');
INSERT INTO recipes (id, dish_id, recipe) VALUES(29,29, 'Season chicken breasts with salt and pepper. Dredge in flour, shaking off excess. In a skillet, heat oil and butter over medium-high heat. Add chicken breasts and cook until browned on both sides. Remove chicken and set aside. In the same skillet, sauté sliced mushrooms until golden brown. Stir in Marsala wine and chicken broth, scraping up any browned bits. Return chicken to the skillet and simmer for 10-15 minutes until cooked through. Serve hot with mashed potatoes or pasta.');
INSERT INTO recipes (id, dish_id, recipe) VALUES(30,30, 'Slice beef sirloin thinly against the grain. In a bowl, combine Greek yogurt, minced garlic, lemon juice, olive oil, dried oregano, salt, and pepper. Add sliced beef to the marinade and refrigerate for at least 1 hour. Heat a skillet over medium-high heat and cook marinated beef until browned and cooked through. Serve beef in warm pita bread with sliced cucumbers, tomatoes, red onions, and tzatziki sauce.');
INSERT INTO recipes (id, dish_id, recipe) VALUES(31,31, 'Cut pork tenderloin into thin strips. In a bowl, mix peanut sauce, soy sauce, minced garlic, and lime juice. Marinate pork strips in the mixture for at least 1 hour. Thread marinated pork onto skewers and grill until cooked through, about 4-5 minutes per side. Serve hot with additional peanut sauce for dipping.');
INSERT INTO recipes (id, dish_id, recipe) VALUES(32,32, 'Season chicken breasts with salt and pepper. Dredge in flour, shaking off excess. In a skillet, heat olive oil over medium-high heat. Cook chicken until browned on both sides, then remove from skillet. Add lemon slices, capers, and white wine to the skillet. Simmer until sauce is reduced by half. Stir in butter until melted. Return chicken to skillet and simmer for a few more minutes until heated through. Serve hot with pasta or rice.');
INSERT INTO recipes (id, dish_id, recipe) VALUES(33,33, 'Slice beef sirloin thinly against the grain. In a skillet, heat oil over medium-high heat. Cook sliced mushrooms and diced onions until softened. Remove from skillet and set aside. In the same skillet, brown beef slices on both sides. Stir in beef stock, Worcestershire sauce, and Dijon mustard. Simmer until sauce thickens. Return mushrooms and onions to the skillet, then stir in sour cream. Serve hot over cooked egg noodles.');
INSERT INTO recipes (id, dish_id, recipe) VALUES(34,34, 'Preheat smoker to 250°F (120°C). Cut pork belly into cubes. Season with BBQ rub. Place pork belly cubes in the smoker and smoke for 2-3 hours. Transfer smoked pork belly cubes to a foil pan. Toss with BBQ sauce, brown sugar, salt, and black pepper. Cover with foil and return to the smoker for another 2 hours. Remove foil and smoke for an additional hour until caramelized and tender. Serve hot as an appetizer or main dish.');
INSERT INTO recipes (id, dish_id, recipe) VALUES(35,35, 'Slice chicken thighs thinly. In a bowl, mix Greek yogurt, minced garlic, lemon juice, cumin, coriander, salt, and pepper. Add chicken slices to the marinade and refrigerate for at least 1 hour. Heat a skillet over medium-high heat and cook marinated chicken until browned and cooked through. Serve chicken in warm pita bread with shredded lettuce, diced tomatoes, and tahini sauce.');
INSERT INTO recipes (id, dish_id, recipe) VALUES(36,36, 'Slice beef sirloin thinly against the grain. In a bowl, mix soy sauce, sesame oil, minced garlic, grated ginger, brown sugar, and sliced green onions. Add beef slices to the marinade and refrigerate for at least 2 hours. Heat a skillet over high heat and cook marinated beef until browned and caramelized. Serve hot with steamed rice and kimchi.');
INSERT INTO recipes (id, dish_id, recipe) VALUES(38,38, 'Cut chicken thighs into bite-sized pieces. In a bowl, mix yogurt, tomato sauce, minced garlic, grated ginger, garam masala, paprika, turmeric, salt, and pepper. Add chicken pieces to the marinade and refrigerate for at least 1 hour. Thread marinated chicken onto skewers and grill until cooked through. Serve hot with naan bread and basmati rice.');
INSERT INTO recipes (id, dish_id, recipe) VALUES(39,39, 'Season beef tenderloin medallions with salt and pepper. In a skillet, heat oil and butter over medium-high heat. Cook beef medallions until browned on both sides and cooked to desired doneness. Remove from skillet and keep warm. In the same skillet, sauté minced garlic until fragrant. Deglaze with beef stock and simmer until reduced. Pour sauce over beef medallions and serve hot.');
INSERT INTO recipes (id, dish_id, recipe) VALUES(40,40, 'Season pork chops with salt and pepper. In a skillet, heat oil over medium-high heat. Cook pork chops until browned on both sides and cooked through. Remove from skillet and keep warm. In the same skillet, sauté sliced mushrooms and diced onions until softened. Deglaze with white wine and simmer until reduced. Stir in heavy cream and simmer until thickened. Serve mushroom sauce over pork chops.');
INSERT INTO recipes (id, dish_id, recipe) VALUES(41,41, 'Season beef fillet with salt and pepper, then sear in a hot skillet until browned on all sides. Spread mustard over the seared beef. In a separate skillet, cook mushrooms with garlic, thyme, and seasoning until golden brown. Wrap the beef fillet in prosciutto slices. Roll out puff pastry and place the beef fillet on top of it. Spread the mushroom mixture over the beef. Roll up the pastry, sealing the edges. Brush with beaten egg and bake at 400°F (200°C) for 25-30 minutes until pastry is golden brown and beef is cooked to your liking.');
INSERT INTO recipes (id, dish_id, recipe) VALUES(42,42, 'Season beef brisket with salt and pepper, then sear in a hot skillet until browned. Transfer to a slow cooker. Add chopped carrots, potatoes, onions, and beef stock to the slow cooker. Cook on low for 8-10 hours until beef is tender. Serve hot with crusty bread.');
INSERT INTO recipes (id, dish_id, recipe) VALUES(43,43, 'Preheat oven to 375°F (190°C). Rub lamb leg with minced garlic, chopped rosemary, salt, and pepper. Place lamb in a roasting pan and roast for 1.5-2 hours until internal temperature reaches 145°F (63°C) for medium-rare or 160°F (71°C) for medium. Let rest for 10 minutes before slicing. Serve with roasted potatoes and red wine jus.');
INSERT INTO recipes (id, dish_id, recipe) VALUES(44,44, 'Season pork loin with salt, pepper, and ground cinnamon. Sear in a hot skillet until browned on all sides. Transfer to a baking dish. In a saucepan, combine sliced apples, onions, apple cider vinegar, brown sugar, and a pinch of cinnamon. Cook over medium heat until apples are tender. Pour apple compote over the seared pork loin. Bake at 375°F (190°C) for 25-30 minutes until pork is cooked through. Serve hot with mashed potatoes.');
INSERT INTO recipes (id, dish_id, recipe) VALUES(45,45, 'Cook penne pasta according to package instructions until al dente. In a skillet, cook diced chicken breast until golden brown and cooked through. Add minced garlic, heavy cream, grated Parmesan cheese, and chopped parsley to the skillet. Simmer until sauce thickens. Toss cooked pasta with the Alfredo sauce. Serve hot with garlic bread.');
INSERT INTO recipes (id, dish_id, recipe) VALUES(46,46, 'Season duck breast with salt and pepper. In a hot skillet, sear duck breast skin-side down until golden brown and crispy. Transfer duck breast to a baking dish. In a saucepan, combine orange juice, honey, chicken stock, and Grand Marnier. Simmer until sauce thickens slightly. Pour orange sauce over the duck breast. Bake at 375°F (190°C) for 15-20 minutes until duck is cooked to your liking. Serve hot with roasted vegetables.');
INSERT INTO recipes (id, dish_id, recipe) VALUES(47,47, 'Cook spaghetti according to package instructions until al dente. In a skillet, cook minced beef until browned. Add diced onions, carrots, and garlic, cooking until vegetables are soft. Stir in tomato sauce, red wine, and Italian seasoning. Simmer for 20-30 minutes. Serve hot over cooked spaghetti with grated Parmesan cheese.');
INSERT INTO recipes (id, dish_id, recipe) VALUES(48,48, 'Season rib eye steak with chili powder, cumin, salt, and pepper. Grill steak until cooked to your liking, then slice thinly. Warm tortillas on a hot skillet. Fill tortillas with sliced steak, diced avocado, shredded lettuce, diced tomatoes, and grated cheese. Serve hot with salsa and lime wedges.');
INSERT INTO recipes (id, dish_id, recipe) VALUES(49,49, 'Season chicken thighs with salt, pepper, and paprika. Wrap each chicken thigh with bacon slices. In a skillet, sear bacon-wrapped chicken until bacon is crispy and chicken is cooked through. Brush with honey and minced garlic mixture during cooking. Serve hot with roasted vegetables.');
INSERT INTO recipes (id, dish_id, recipe) VALUES(50,50, 'Slice sirloin steak thinly against the grain. Marinate steak slices in soy sauce, minced ginger, minced garlic, and brown sugar for 30 minutes. Heat oil in a wok over high heat. Stir-fry marinated beef with sliced bell peppers, broccoli florets, and diced onions until beef is cooked and vegetables are tender-crisp. Serve hot over steamed rice.');
INSERT INTO recipes (id, dish_id, recipe) VALUES(51,51, 'In a large pot, heat oil over medium heat. Add diced lamb shoulder and brown on all sides. Add diced onions, minced garlic, and curry paste, cooking until onions are soft. Stir in coconut milk, diced potatoes, and chopped tomatoes. Simmer for 1-1.5 hours until lamb is tender. Serve hot over cooked rice, garnished with chopped coriander.');
INSERT INTO recipes (id, dish_id, recipe) VALUES(52,52, 'Season pork chops with salt and pepper. Sear in a hot skillet until golden brown on both sides. Transfer pork chops to a baking dish. In a saucepan, combine sliced apples, diced onions, apple cider vinegar, brown sugar, and a pinch of cinnamon. Cook over medium heat until apples are soft. Serve pork chops hot with apple sauce and mashed potatoes.');
INSERT INTO recipes (id, dish_id, recipe) VALUES(53,53, 'Season chicken breasts with salt and pepper. Dip chicken breasts in beaten eggs, then coat with breadcrumbs mixed with grated Parmesan cheese. In a skillet, fry breaded chicken until golden brown and cooked through. Top each chicken breast with tomato sauce and mozzarella cheese. Bake at 375°F (190°C) for 10-15 minutes until cheese is melted and bubbly. Serve hot with spaghetti.');
INSERT INTO recipes (id, dish_id, recipe) VALUES(54,54, 'Preheat oven to 425°F (220°C). Rub beef short rib with olive oil, salt, and pepper. Roast in the preheated oven for 15 minutes, then reduce heat to 350°F (180°C) and continue roasting for 1-1.5 hours until beef reaches desired doneness. Meanwhile, prepare Yorkshire puddings by whisking together flour, eggs, milk, and salt. Pour batter into greased muffin tins and bake for 20-25 minutes until puffed and golden brown. Serve roast beef with Yorkshire puddings and gravy.');
INSERT INTO recipes (id, dish_id, recipe) VALUES(55,55, 'Preheat oven to 300°F (150°C). Rub duck legs with salt, minced garlic, chopped thyme, and pepper. Place duck legs in a baking dish and cover with duck fat. Cover with foil and bake for 2.5-3 hours until duck is tender. Remove from fat and shred the duck meat. Serve hot with roasted potatoes and green beans.');
INSERT INTO recipes (id, dish_id, recipe) VALUES(57,57, 'Preheat oven to 375°F (190°C). Butterfly pork tenderloin and pound to an even thickness. Spread Dijon mustard over the inside of the pork. Layer with spinach leaves and crumbled feta cheese. Roll up tightly and tie with kitchen twine. Rub the outside with minced garlic, salt, and pepper. Roast in the preheated oven for 25-30 minutes until pork is cooked through. Let rest for 5 minutes before slicing. Serve hot with roasted vegetables.');
INSERT INTO recipes (id, dish_id, recipe) VALUES(56,56, 'In a large pot, heat oil over medium heat. Add diced chicken thighs and brown on all sides. Add diced onions, minced garlic, and curry paste, cooking until onions are soft. Stir in coconut milk, diced potatoes, and chopped tomatoes. Simmer for 20-25 minutes until chicken is cooked through and potatoes are tender. Serve hot over cooked rice, garnished with chopped coriander.');
